﻿<?xml version="1.0" encoding="utf-8"?>
<soap:Envelope xmlns:soap="http://schemas.xmlsoap.org/soap/envelope/" xmlns:wsa="http://www.w3.org/2005/08/addresing" xmlns:mf="http://goskatalog.ru/v3.0" xmlns:mfe="http://goskatalog.ru/external/v3.0">
  <soap:Header>
    <wsa:MessageID>f14e8012-b3ac-4664-9c40-1d1cc95aae2d</wsa:MessageID>
    <wsa:ReplyTo />
    <mf:Version>ext.3.0</mf:Version>
    <mf:Action>Registration</mf:Action>
    <mf:SystemId>1234</mf:SystemId>
    <mf:PreparationTimestamp>2017-06-19T20:15:46+04:00</mf:PreparationTimestamp>
  </soap:Header>
  <soap:Body>
    <mfe:PutRequest>
      <mfe:Data>
        <mfe:Name>Оружие 2</mfe:Name>
        <mfe:KPNumber>5</mfe:KPNumber>
        <mfe:KPDate>13.06.17 11:42:35</mfe:KPDate>
        <mfe:InvNumber>5</mfe:InvNumber>
        <mfe:MusSystemID>15</mfe:MusSystemID>
        <mfe:CreationTime>gj</mfe:CreationTime>
        <mfe:FindPlace>gyj</mfe:FindPlace>
        <mfe:Dimensions>gyj</mfe:Dimensions>
        <mfe:IncomingMethod>2</mfe:IncomingMethod>
        <mfe:EntranceSource>gjh</mfe:EntranceSource>
        <mfe:Quantity>1</mfe:Quantity>
        <mfe:TypologyGK>8</mfe:TypologyGK>
        <mfe:OwnershipType>3</mfe:OwnershipType>
        <mfe:PublicationLimit>1</mfe:PublicationLimit>
        <mfe:Category>2</mfe:Category>
      </mfe:Data>
    </mfe:PutRequest>
  </soap:Body>
</soap:Envelope>