﻿<?xml version="1.0" encoding="utf-8"?>
<soap:Envelope xmlns:soap="http://schemas.xmlsoap.org/soap/envelope/" xmlns:wsa="http://www.w3.org/2005/08/addresing" xmlns:mf="http://goskatalog.ru/v3.0" xmlns:mfe="http://goskatalog.ru/external/v3.0">
  <soap:Header>
    <wsa:MessageID>3cbfc1c1-111a-457f-b83d-9a462f1f9b39</wsa:MessageID>
    <wsa:ReplyTo />
    <mf:Version>ext.3.0</mf:Version>
    <mf:Action>Registration</mf:Action>
    <mf:SystemId>1234</mf:SystemId>
    <mf:PreparationTimestamp>2017-06-19T20:15:46+04:00</mf:PreparationTimestamp>
  </soap:Header>
  <soap:Body>
    <mfe:PutRequest>
      <mfe:Data>
        <mfe:Name>Знамя 1</mfe:Name>
        <mfe:KPNumber>1</mfe:KPNumber>
        <mfe:KPDate>06.06.17 04:17:11</mfe:KPDate>
        <mfe:InvNumber>1</mfe:InvNumber>
        <mfe:MusSystemID>1</mfe:MusSystemID>
        <mfe:CreationTime>dfsd</mfe:CreationTime>
        <mfe:FindPlace>sdf</mfe:FindPlace>
        <mfe:Dimensions>sdf</mfe:Dimensions>
        <mfe:IncomingMethod>3</mfe:IncomingMethod>
        <mfe:EntranceSource>sdf</mfe:EntranceSource>
        <mfe:Quantity>1</mfe:Quantity>
        <mfe:TypologyGK>14</mfe:TypologyGK>
        <mfe:OwnershipType>2</mfe:OwnershipType>
        <mfe:PublicationLimit>0</mfe:PublicationLimit>
        <mfe:Category>1</mfe:Category>
        <mfe:Images>
          <mfe:Image>
            <mfe:FileName>Chrysanthemum.jpg</mfe:FileName>
            <mfe:Main>1</mfe:Main>
          </mfe:Image>
          <mfe:Image>
            <mfe:FileName>Desert.jpg</mfe:FileName>
          </mfe:Image>
          <mfe:Image>
            <mfe:FileName>Hydrangeas.jpg</mfe:FileName>
          </mfe:Image>
          <mfe:Image>
            <mfe:FileName>Jellyfish.jpg</mfe:FileName>
          </mfe:Image>
          <mfe:Image>
            <mfe:FileName>Koala.jpg</mfe:FileName>
          </mfe:Image>
          <mfe:Image>
            <mfe:FileName>Lighthouse.jpg</mfe:FileName>
          </mfe:Image>
        </mfe:Images>
      </mfe:Data>
    </mfe:PutRequest>
  </soap:Body>
</soap:Envelope>