﻿<?xml version="1.0" encoding="utf-8"?>
<soap:Envelope xmlns:soap="http://schemas.xmlsoap.org/soap/envelope/" xmlns:wsa="http://www.w3.org/2005/08/addresing" xmlns:mf="http://goskatalog.ru/v3.0" xmlns:mfe="http://goskatalog.ru/external/v3.0">
  <soap:Header>
    <wsa:MessageID>582b242f-eee6-4521-bf3d-49cc99aae622</wsa:MessageID>
    <wsa:ReplyTo />
    <mf:Version>ext.3.0</mf:Version>
    <mf:Action>Correction</mf:Action>
    <mf:SystemId>1234</mf:SystemId>
    <mf:PreparationTimestamp>2017-06-19T20:15:49+04:00</mf:PreparationTimestamp>
  </soap:Header>
  <soap:Body>
    <mfe:PutRequest>
      <mfe:Data>
        <mfe:Name>Картина 1</mfe:Name>
        <mfe:KPNumber>3</mfe:KPNumber>
        <mfe:KPDate>06.06.17 05:37:03</mfe:KPDate>
        <mfe:InvNumber>3</mfe:InvNumber>
        <mfe:CreationTime>sd</mfe:CreationTime>
        <mfe:FindPlace>sdf</mfe:FindPlace>
        <mfe:Dimensions>dsf</mfe:Dimensions>
        <mfe:IncomingMethod>4</mfe:IncomingMethod>
        <mfe:EntranceSource>sdf</mfe:EntranceSource>
        <mfe:Quantity>1</mfe:Quantity>
        <mfe:TypologyGK>13</mfe:TypologyGK>
        <mfe:GKNumber>df</mfe:GKNumber>
        <mfe:OwnershipType>3</mfe:OwnershipType>
        <mfe:PublicationLimit>1</mfe:PublicationLimit>
        <mfe:Category>2</mfe:Category>
        <mfe:Images>
          <mfe:Image>
            <mfe:FileName>Koala.jpg</mfe:FileName>
            <mfe:Main>1</mfe:Main>
          </mfe:Image>
          <mfe:Image>
            <mfe:FileName>Lighthouse.jpg</mfe:FileName>
          </mfe:Image>
          <mfe:Image>
            <mfe:FileName>Penguins.jpg</mfe:FileName>
          </mfe:Image>
          <mfe:Image>
            <mfe:FileName>Tulips.jpg</mfe:FileName>
          </mfe:Image>
        </mfe:Images>
      </mfe:Data>
    </mfe:PutRequest>
  </soap:Body>
</soap:Envelope>