﻿<?xml version="1.0" encoding="utf-8"?>
<soap:Envelope xmlns:soap="http://schemas.xmlsoap.org/soap/envelope/" xmlns:wsa="http://www.w3.org/2005/08/addresing" xmlns:mf="http://goskatalog.ru/v3.0" xmlns:mfe="http://goskatalog.ru/external/v3.0">
  <soap:Header>
    <wsa:MessageID>41fe48fa-a116-4618-b402-11c60f4bfb55</wsa:MessageID>
    <wsa:ReplyTo />
    <mf:Version>ext.3.0</mf:Version>
    <mf:Action>Correction</mf:Action>
    <mf:SystemId>1234</mf:SystemId>
    <mf:PreparationTimestamp>2017-06-19T20:19:48+04:00</mf:PreparationTimestamp>
  </soap:Header>
  <soap:Body>
    <mfe:PutRequest>
      <mfe:Data>
        <mfe:Name>Оружие 1</mfe:Name>
        <mfe:KPNumber>4</mfe:KPNumber>
        <mfe:KPDate>13.06.17 11:42:22</mfe:KPDate>
        <mfe:InvNumber>4</mfe:InvNumber>
        <mfe:CreationTime>dsf</mfe:CreationTime>
        <mfe:FindPlace>afdaa</mfe:FindPlace>
        <mfe:Dimensions>f</mfe:Dimensions>
        <mfe:IncomingMethod>1</mfe:IncomingMethod>
        <mfe:EntranceSource>afdsrefedvd</mfe:EntranceSource>
        <mfe:Quantity>1</mfe:Quantity>
        <mfe:TypologyGK>8</mfe:TypologyGK>
        <mfe:GKNumber>555</mfe:GKNumber>
        <mfe:OwnershipType>2</mfe:OwnershipType>
        <mfe:PublicationLimit>1</mfe:PublicationLimit>
        <mfe:Category>2</mfe:Category>
      </mfe:Data>
    </mfe:PutRequest>
  </soap:Body>
</soap:Envelope>